{
    "metrics": {
        "iterations": {
            "count": 62509,
            "rate": 199.56366556431547
        },
        "vus_max": {
            "max": 500,
            "value": 500,
            "min": 500
        },
        "http_req_tls_handshaking": {
            "avg": 9.37624519897935,
            "min": 0,
            "med": 0,
            "max": 9540.49014,
            "p(90)": 0,
            "p(95)": 0
        },
        "http_req_receiving": {
            "avg": 1086.1148982833456,
            "min": 0,
            "med": 981.744476,
            "max": 59786.116208,
            "p(90)": 1974.1911234,
            "p(95)": 2338.5274728
        },
        "vus": {
            "value": 1,
            "min": 1,
            "max": 500
        },
        "http_req_duration": {
            "p(95)": 2596.5136966,
            "avg": 1398.9926078076662,
            "min": 0,
            "med": 1377.43198,
            "max": 60000.332307,
            "p(90)": 2220.8337868000003,
            "thresholds": {
                "p(99)<6000": false,
                "p(95)<3000": false
            }
        },
        "http_req_blocked": {
            "avg": 11.29669103629835,
            "min": 0,
            "med": 0.000313,
            "max": 9650.106179,
            "p(90)": 0.0005272000000000044,
            "p(95)": 0.000755
        },
        "http_req_waiting": {
            "med": 203.940019,
            "max": 60000.060383,
            "p(90)": 653.3090320000001,
            "p(95)": 1034.7104281999996,
            "avg": 312.83686062431025,
            "min": 0
        },
        "checks": {
            "fails": 0,
            "passes": 62503,
            "thresholds": {
                "rate>0.99": false
            },
            "value": 1
        },
        "http_reqs": {
            "count": 62509,
            "rate": 199.56366556431547,
            "thresholds": {
                "rate>5": false
            }
        },
        "http_req_connecting": {
            "avg": 1.7793642840710941,
            "min": 0,
            "med": 0,
            "max": 3248.501724,
            "p(90)": 0,
            "p(95)": 0
        },
        "http_req_duration{name:GetPosts}": {
            "med": 1377.43198,
            "max": 60000.332307,
            "p(90)": 2220.8337868000003,
            "p(95)": 2596.5136966,
            "avg": 1398.9926078076662,
            "min": 0,
            "thresholds": {
                "p(95)<3000": false,
                "p(99)<6000": false
            }
        },
        "iteration_duration": {
            "max": 60001.11186,
            "p(90)": 3234.1941874,
            "p(95)": 3632.301326,
            "avg": 2412.481924556935,
            "min": 1020.652872,
            "med": 2383.378739
        },
        "data_received": {
            "count": 1739558781,
            "rate": 5553643.904093047
        },
        "http_req_sending": {
            "avg": 0.040848899998400655,
            "min": 0,
            "med": 0.032578,
            "max": 4.626588,
            "p(90)": 0.06539020000000001,
            "p(95)": 0.08832379999999998
        },
        "http_req_failed": {
            "passes": 6,
            "fails": 62503,
            "thresholds": {
                "rate<0.01": false
            },
            "value": 0.00009598617799036939
        },
        "http_req_duration{expected_response:true}": {
            "min": 19.783035,
            "med": 1377.42233,
            "max": 37449.069043,
            "p(90)": 2220.6857616,
            "p(95)": 2596.011317,
            "avg": 1395.299546723475
        },
        "data_sent": {
            "count": 9081233,
            "rate": 28992.37142369299
        },
        "OUT_Percentual_Sucesso": {
            "passes": 62503,
            "fails": 0,
            "value": 1
        }
    },
    "root_group": {
        "name": "",
        "path": "",
        "id": "d41d8cd98f00b204e9800998ecf8427e",
        "groups": {},
        "checks": {
                "Get element API returned status 200": {
                    "path": "::Get element API returned status 200",
                    "id": "8ae94ed278b6a1302c3b9a7abc41b159",
                    "passes": 62503,
                    "fails": 0,
                    "name": "Get element API returned status 200"
                }
            }
    }
}